URL,Anchor,Engine,Dofollow,Link URL,Login,Password,Email
http://recursos.isfodosu.edu.do/wiki/index.php?title=Usuario:MonaMeaux51,Coronavirus Covid-19,Wiki/MediaWiki,,https://www.newsguru.online,MonaMeaux51,08sKVFbCL,mona.meaux@cdn58.mailna.us
http://parsley.wert.jp/mediawiki/index.php/%E5%88%A9%E7%94%A8%E8%80%85:LucindaBerrios4,50 Interesting Facts about India And Indian Culture,DA30/sapiens,,https://www.newsguru.online,LucindaBerrios4,Inh6gYhLg,lucinda-berrios@cdn58.mailna.us
http://recursos.isfodosu.edu.do/wiki/index.php?title=Sound_Guidance_About_How_To_Make_Revenue_Online_That_Will_Gain_Everyone..._Information_Number_50_Of_621,50 Interesting Facts about India And Indian Culture,Wiki/MediaWiki,,https://www.newsguru.online,YvonneNeace61,9BKugzkh,yvonne_neace26@cdn58.mailna.us
http://parsley.wert.jp/mediawiki/index.php/Get_The_Additional_Funds_You_Will_Need_By_Making_Money_On_The_Internet..._Information_No._8_From_934,How to get Free Instagram Followers,DA30/sapiens,,https://www.newsguru.online,LucindaBerrios4,Inh6gYhLg,lucinda-berrios@cdn58.mailna.us
http://bbs.qanlima.com/home.php?mod=space&uid=1282242&do=profile&from=space,https://www.newsguru.online,DA30/bbs.qanlima.com,X,https://www.newsguru.online,,N5ky8WL0NP,bernard_driscoll@cdn58.mailna.us
http://recursos.isfodosu.edu.do/wiki/index.php?title=Want_To_Make_Revenue_On-line_Examine_This..._Information_No._26_From_559,50 Interesting Facts about India And Indian Culture,Wiki/MediaWiki,,https://www.newsguru.online,PreciousBuzzard,R8B4gkip,precious-buzzard@cdn58.mailna.us
http://parsley.wert.jp/mediawiki/index.php/%E5%88%A9%E7%94%A8%E8%80%85:JackiKellogg301,50 Interesting Facts about India And Indian Culture,Wiki/MediaWiki,,https://www.newsguru.online,JackiKellogg301,hb7lvDSX,jacki-kellogg97@cdn58.mailna.us
http://bbs.mumayi.net/space-uid-8349980.html,https://www.newsguru.online,DA30/bbs.mumayi.net,X,https://www.newsguru.online,,NHGh7ukj,lynne-kail@cdn58.mailna.us
http://recursos.isfodosu.edu.do/wiki/index.php?title=It_Really_Is_Time_To_Make_Points_Easier_By_Reading_This_Post_About_Generating_Dollars_On_The_Net..._Advice_Number_27_Of_97,50 Interesting Facts about India And Indian Culture,Wiki/MediaWiki,,https://www.newsguru.online,MonaMeaux51,08sKVFbCL,mona.meaux@cdn58.mailna.us
http://parsley.wert.jp/mediawiki/index.php/Want_To_Make_Dollars_On_The_Web_Study_This..._Tip_Num_26_Of_188,50 Interesting Facts about India And Indian Culture,DA30/sapiens,,https://www.newsguru.online,MargaretaFrisina,mukSJkj5k,margareta-frisina64@cdn58.mailna.us
http://parsley.wert.jp/mediawiki/index.php/Want_To_Make_Dollars_On_Line_Study_This..._Advice_Num_19_Of_217,Earn Money Online,Wiki/MediaWiki,,https://www.newsguru.online,HayleyOMalley18,B9RNoxf2u,hayley-o'malley63@cdn58.mailna.us
http://bbs.mumayi.net/space-uid-8350014.html,https://www.newsguru.online,DA30/bbs.mumayi.net,X,https://www.newsguru.online,,T7FJRJbi,ruben-fosbrook@cdn58.mailna.us
http://recursos.isfodosu.edu.do/wiki/index.php?title=Usuario:YvonneNeace61,50 Interesting Facts about India And Indian Culture,Wiki/MediaWiki,,https://www.newsguru.online,YvonneNeace61,9BKugzkh,yvonne_neace26@cdn58.mailna.us
http://parsley.wert.jp/mediawiki/index.php/%E5%88%A9%E7%94%A8%E8%80%85:HayleyOMalley18,Earn Money Online,Wiki/MediaWiki,,https://www.newsguru.online,HayleyOMalley18,B9RNoxf2u,hayley-o'malley63@cdn58.mailna.us
http://bbs.mumayi.net/space-uid-8350493.html,https://www.newsguru.online,DA30/bbs.mumayi.net,X,https://www.newsguru.online,,Gri9JyfmF,leola-jolly61@cdn58.mailna.us
http://parsley.wert.jp/mediawiki/index.php/The_Ideal_Informatiom_About_Producing_Monery_On_The_Net..._Advice_Number_23_From_513,50 Interesting Facts about India And Indian Culture,Wiki/MediaWiki,,https://www.newsguru.online,IssacH50616540,yC8anBvdzz,issac-gammon@cdn58.mailna.us
http://recursos.isfodosu.edu.do/wiki/index.php?title=Usuario:PreciousBuzzard,50 Interesting Facts About India And Indian Culture,Wiki/MediaWiki,,https://www.newsguru.online,PreciousBuzzard,R8B4gkip,precious-buzzard@cdn58.mailna.us
http://parsley.wert.jp/mediawiki/index.php/%E5%88%A9%E7%94%A8%E8%80%85:MargaretaFrisina,50 Interesting Facts about India And Indian Culture,DA30/sapiens,,https://www.newsguru.online,MargaretaFrisina,mukSJkj5k,margareta-frisina64@cdn58.mailna.us
http://parsley.wert.jp/mediawiki/index.php/%E5%88%A9%E7%94%A8%E8%80%85:IssacH50616540,How to get Free Instagram Followers,Wiki/MediaWiki,,https://www.newsguru.online,IssacH50616540,yC8anBvdzz,issac-gammon@cdn58.mailna.us
http://bbs.mumayi.net/space-uid-8350484.html,https://www.newsguru.online,DA30/bbs.mumayi.net,X,https://www.newsguru.online,,eFoE9AMfjX,rory-pollard@cdn58.mailna.us
